<?xml version="1.0" encoding="UTF-8"?>
<!DOCTYPE generatorConfiguration
        PUBLIC "-//mybatis.org//DTD MyBatis Generator Configuration 1.0//EN"
        "http://mybatis.org/dtd/mybatis-generator-config_1_0.dtd">

<generatorConfiguration>
	<!-- 使用方法:  
	       1.配置 properties.  
	       2.配置数据库驱动位置.  
	       3.配置需要反向生成代码的表.  
	       4.配置完成后,在项目目录test-maven下运行：mvn mybatis-generator:generate  
	       5.生成的代码在：target/generated-sources/mybatis-generator目录下.  
	     --> 
	<properties resource="generatorConfig.properties"/>
	<classPathEntry location="C:/Users/Simon/.m2/repository/mysql/mysql-connector-java/5.1.39/mysql-connector-java-5.1.39-sources.jar" />
	<context id="mysql" targetRuntime="MyBatis3">
		<commentGenerator>
			<property name="suppressDate" value="false" />
			<property name="suppressAllComments" value="true" />
		</commentGenerator>

		<jdbcConnection driverClass="com.mysql.jdbc.Driver" connectionURL="${jdbc.url.gen}" userId="${jdbc.userid.gen}" password="${jdbc.pwd.gen}" />

		<javaModelGenerator targetPackage="${gen.pkg.model}"
			targetProject="${gen.targetproject}">
			<property name="enableSubPackages" value="true" />
			<property name="trimStrings" value="true" />
		</javaModelGenerator>

		<sqlMapGenerator targetPackage="${gen.pkg.mapper}"
			targetProject="${gen.targetproject}">
			<property name="enableSubPackages" value="true" />
		</sqlMapGenerator>

		<javaClientGenerator targetPackage="${gen.pkg.mapperxml}"
			targetProject="${gen.targetproject}"
			type="XMLMAPPER">
			<property name="enableSubPackages" value="true" />
		</javaClientGenerator>

		<table tableName="b_treatment_record" domainObjectName="FeeBrase"
			enableCountByExample="false" enableUpdateByExample="false"
			enableDeleteByExample="false" enableSelectByExample="false"
			selectByExampleQueryId="false">
			<!--<columnRenamingRule searchString="^D_" replaceString=""/> -->
		</table>

	</context>
</generatorConfiguration>